{"cameraMode":{"drawMode":0,"name":"Shaded","section":"Shading Mode"},"sceneLighting":false,"audioPlay":false,"sceneViewState":{"m_AlwaysRefresh":false,"showFog":true,"showSkybox":false,"showFlares":true,"showImageEffects":true,"showParticleSystems":true,"showVisualEffectGraphs":true,"m_FxEnabled":true},"in2DMode":false,"pivot":{"x":-0.4919290542602539,"y":1.8311858177185059,"z":-29.365365982055665},"rotation":{"x":0.002908941125497222,"y":-0.9931131601333618,"z":0.027444180101156236,"w":0.11735532432794571},"size":1.2009261846542359,"orthographic":false}