{"cameraMode":{"drawMode":0,"name":"Shaded","section":"Shading Mode"},"sceneLighting":true,"audioPlay":false,"sceneViewState":{"m_AlwaysRefresh":false,"showFog":true,"showSkybox":true,"showFlares":true,"showImageEffects":true,"showParticleSystems":true,"showVisualEffectGraphs":true,"m_FxEnabled":true},"in2DMode":false,"pivot":{"x":254.71702575683595,"y":-393.6656799316406,"z":34.830535888671878},"rotation":{"x":0.36232876777648928,"y":0.5419201254844666,"z":-0.2807174324989319,"w":0.7053196430206299},"size":239.15538024902345,"orthographic":false}