{"cameraMode":{"drawMode":0,"name":"Shaded","section":"Shading Mode"},"sceneLighting":true,"audioPlay":false,"sceneViewState":{"m_AlwaysRefresh":false,"showFog":true,"showSkybox":true,"showFlares":true,"showImageEffects":true,"showParticleSystems":true,"showVisualEffectGraphs":true,"m_FxEnabled":true},"in2DMode":false,"pivot":{"x":4.413666725158691,"y":-3.2727508544921877,"z":-4.1278486251831059},"rotation":{"x":-0.06497243791818619,"y":0.8716011047363281,"z":-0.47086578607559206,"w":-0.12028834968805313},"size":28.33315086364746,"orthographic":false}