{"cameraMode":{"drawMode":0,"name":"Shaded","section":"Shading Mode"},"sceneLighting":true,"audioPlay":false,"sceneViewState":{"m_AlwaysRefresh":false,"showFog":true,"showSkybox":true,"showFlares":true,"showImageEffects":true,"showParticleSystems":true,"showVisualEffectGraphs":true,"m_FxEnabled":true},"in2DMode":false,"pivot":{"x":-4.134392738342285,"y":35.680782318115237,"z":-0.6168251037597656},"rotation":{"x":0.46956178545951846,"y":-0.12995393574237824,"z":-0.07014784216880799,"w":-0.8704940676689148},"size":16.198301315307618,"orthographic":false}