{"cameraMode":{"drawMode":0,"name":"Shaded","section":"Shading Mode"},"sceneLighting":true,"audioPlay":false,"sceneViewState":{"m_AlwaysRefresh":false,"showFog":true,"showSkybox":true,"showFlares":true,"showImageEffects":true,"showParticleSystems":true,"showVisualEffectGraphs":true,"m_FxEnabled":true},"in2DMode":false,"pivot":{"x":-22.379932403564454,"y":8.118966102600098,"z":-14.968277931213379},"rotation":{"x":0.30386045575141909,"y":0.19943693280220033,"z":-0.05630555748939514,"w":0.9308218359947205},"size":5.595707893371582,"orthographic":false}