{"cameraMode":{"drawMode":0,"name":"Shaded","section":"Shading Mode"},"sceneLighting":true,"audioPlay":false,"sceneViewState":{"m_AlwaysRefresh":false,"showFog":true,"showSkybox":true,"showFlares":true,"showImageEffects":true,"showParticleSystems":true,"showVisualEffectGraphs":true,"m_FxEnabled":true},"in2DMode":false,"pivot":{"x":-4.165597915649414,"y":39.63811492919922,"z":112.76734161376953},"rotation":{"x":0.10355188697576523,"y":0.1335192322731018,"z":0.014071025885641575,"w":-0.9855718016624451},"size":239.15538024902345,"orthographic":false}