{"cameraMode":{"drawMode":0,"name":"Shaded","section":"Shading Mode"},"sceneLighting":true,"audioPlay":false,"sceneViewState":{"m_AlwaysRefresh":false,"showFog":true,"showSkybox":true,"showFlares":true,"showImageEffects":true,"showParticleSystems":true,"showVisualEffectGraphs":true,"m_FxEnabled":true},"in2DMode":false,"pivot":{"x":68.91163635253906,"y":12.309547424316407,"z":51.66495895385742},"rotation":{"x":0.002125048777088523,"y":0.7811285853385925,"z":-0.625657320022583,"w":-0.006814420688897371},"size":26.10847282409668,"orthographic":false}