{"cameraMode":{"drawMode":0,"name":"Shaded","section":"Shading Mode"},"sceneLighting":true,"audioPlay":false,"sceneViewState":{"m_AlwaysRefresh":false,"showFog":true,"showSkybox":true,"showFlares":true,"showImageEffects":true,"showParticleSystems":true,"showVisualEffectGraphs":true,"m_FxEnabled":true},"in2DMode":false,"pivot":{"x":1.2853221893310547,"y":9.471768379211426,"z":-18.211496353149415},"rotation":{"x":-0.010804863646626473,"y":0.9889963865280151,"z":-0.11505111306905747,"w":-0.09287817031145096},"size":21.289453506469728,"orthographic":false}