{"cameraMode":{"drawMode":0,"name":"Shaded","section":"Shading Mode"},"sceneLighting":true,"audioPlay":false,"sceneViewState":{"m_AlwaysRefresh":false,"showFog":true,"showSkybox":true,"showFlares":true,"showImageEffects":true,"showParticleSystems":true,"showVisualEffectGraphs":true,"m_FxEnabled":true},"in2DMode":false,"pivot":{"x":-19.09000015258789,"y":0.9200000762939453,"z":-7.909999847412109},"rotation":{"x":-0.004150711931288242,"y":0.7557379007339478,"z":-0.004752840846776962,"w":-0.6548701524734497},"size":30.957908630371095,"orthographic":false}