{"cameraMode":{"drawMode":0,"name":"Shaded","section":"Shading Mode"},"sceneLighting":true,"audioPlay":false,"sceneViewState":{"m_AlwaysRefresh":false,"showFog":true,"showSkybox":true,"showFlares":true,"showImageEffects":true,"showParticleSystems":true,"showVisualEffectGraphs":true,"m_FxEnabled":true},"in2DMode":false,"pivot":{"x":-61.477867126464847,"y":14.221968650817871,"z":-3.033703565597534},"rotation":{"x":0.06900563836097717,"y":-0.9130181074142456,"z":0.36255699396133425,"w":0.17378683388233186},"size":0.6781951189041138,"orthographic":false}