{"cameraMode":{"drawMode":0,"name":"Shaded","section":"Shading Mode"},"sceneLighting":true,"audioPlay":false,"sceneViewState":{"m_AlwaysRefresh":false,"showFog":true,"showSkybox":true,"showFlares":true,"showImageEffects":true,"showParticleSystems":true,"showVisualEffectGraphs":true,"m_FxEnabled":true},"in2DMode":false,"pivot":{"x":62.094581604003909,"y":48.33535385131836,"z":-116.34271240234375},"rotation":{"x":-0.010958550497889519,"y":-0.9513916373252869,"z":0.020436348393559457,"w":-0.3089233934879303},"size":61.26823425292969,"orthographic":false}