{"cameraMode":{"drawMode":0,"name":"Shaded","section":"Shading Mode"},"sceneLighting":true,"audioPlay":false,"sceneViewState":{"m_AlwaysRefresh":false,"showFog":true,"showSkybox":true,"showFlares":true,"showImageEffects":true,"showParticleSystems":true,"showVisualEffectGraphs":true,"m_FxEnabled":true},"in2DMode":false,"pivot":{"x":-12.399200439453125,"y":-2.895282745361328,"z":-47.060115814208987},"rotation":{"x":-0.003253996605053544,"y":-0.9743790030479431,"z":0.22803661227226258,"w":0.014779399149119854},"size":41.54833221435547,"orthographic":false}