{"cameraMode":{"drawMode":0,"name":"Shaded","section":"Shading Mode"},"sceneLighting":true,"audioPlay":false,"sceneViewState":{"m_AlwaysRefresh":false,"showFog":true,"showSkybox":true,"showFlares":true,"showImageEffects":true,"showParticleSystems":true,"showVisualEffectGraphs":true,"m_FxEnabled":true},"in2DMode":false,"pivot":{"x":-10.468453407287598,"y":2.3516156673431398,"z":-16.596099853515626},"rotation":{"x":0.10990932583808899,"y":0.4410378336906433,"z":-0.05452287569642067,"w":0.889061450958252},"size":1.9561586380004883,"orthographic":false}