{"cameraMode":{"drawMode":0,"name":"Shaded","section":"Shading Mode"},"sceneLighting":true,"audioPlay":false,"sceneViewState":{"m_AlwaysRefresh":false,"showFog":true,"showSkybox":true,"showFlares":true,"showImageEffects":true,"showParticleSystems":true,"showVisualEffectGraphs":true,"m_FxEnabled":true},"in2DMode":false,"pivot":{"x":-22.963882446289064,"y":-20.17879867553711,"z":-27.813831329345704},"rotation":{"x":0.005376275163143873,"y":-0.9552025198936462,"z":0.29606521129608157,"w":0.03932875394821167},"size":47.7027587890625,"orthographic":false}