{"cameraMode":{"drawMode":0,"name":"Shaded","section":"Shading Mode"},"sceneLighting":true,"audioPlay":false,"sceneViewState":{"m_AlwaysRefresh":false,"showFog":true,"showSkybox":true,"showFlares":true,"showImageEffects":true,"showParticleSystems":true,"showVisualEffectGraphs":true,"m_FxEnabled":true},"in2DMode":false,"pivot":{"x":-8.966012954711914,"y":10.604913711547852,"z":-8.44995403289795},"rotation":{"x":-0.026158174499869348,"y":0.8979835510253906,"z":-0.43606072664260867,"w":-0.062386125326156619},"size":22.040061950683595,"orthographic":false}