{"cameraMode":{"drawMode":0,"name":"Shaded","section":"Shading Mode"},"sceneLighting":true,"audioPlay":false,"sceneViewState":{"m_AlwaysRefresh":false,"showFog":true,"showSkybox":true,"showFlares":true,"showImageEffects":true,"showParticleSystems":true,"showVisualEffectGraphs":true,"m_FxEnabled":true},"in2DMode":false,"pivot":{"x":-1.8238639831542969,"y":10.74158000946045,"z":-4.2273359298706059},"rotation":{"x":-0.08821745216846466,"y":-0.5581158995628357,"z":0.054633114486932757,"w":-0.8239192366600037},"size":39.14850616455078,"orthographic":false}