{"cameraMode":{"drawMode":0,"name":"Shaded","section":"Shading Mode"},"sceneLighting":true,"audioPlay":false,"sceneViewState":{"m_AlwaysRefresh":false,"showFog":true,"showSkybox":true,"showFlares":true,"showImageEffects":true,"showParticleSystems":true,"showVisualEffectGraphs":true,"m_FxEnabled":true},"in2DMode":false,"pivot":{"x":-28.001983642578126,"y":13.893301010131836,"z":1.538225769996643},"rotation":{"x":0.07370936870574951,"y":-0.9039273262023926,"z":0.38458818197250368,"w":0.17262358963489533},"size":6.103100776672363,"orthographic":false}