{"cameraMode":{"drawMode":0,"name":"Shaded","section":"Shading Mode"},"sceneLighting":true,"audioPlay":false,"sceneViewState":{"m_AlwaysRefresh":false,"showFog":true,"showSkybox":true,"showFlares":true,"showImageEffects":true,"showParticleSystems":true,"showVisualEffectGraphs":true,"m_FxEnabled":true},"in2DMode":false,"pivot":{"x":713.3302612304688,"y":370.04913330078127,"z":963.1986083984375},"rotation":{"x":-0.072255440056324,"y":-0.0037095267325639726,"z":0.0006339568644762039,"w":-0.9975217580795288},"size":1037.2476806640625,"orthographic":false}