{"cameraMode":{"drawMode":0,"name":"Shaded","section":"Shading Mode"},"sceneLighting":false,"audioPlay":false,"sceneViewState":{"m_AlwaysRefresh":false,"showFog":true,"showSkybox":false,"showFlares":true,"showImageEffects":true,"showParticleSystems":true,"showVisualEffectGraphs":true,"m_FxEnabled":true},"in2DMode":false,"pivot":{"x":-47.49554443359375,"y":-0.03878498077392578,"z":-36.272071838378909},"rotation":{"x":0.04618185758590698,"y":-0.8554479479789734,"z":0.07746656984090805,"w":0.5100034475326538},"size":14.755962371826172,"orthographic":false}