{"cameraMode":{"drawMode":0,"name":"Shaded","section":"Shading Mode"},"sceneLighting":false,"audioPlay":false,"sceneViewState":{"m_AlwaysRefresh":false,"showFog":true,"showSkybox":false,"showFlares":true,"showImageEffects":true,"showParticleSystems":true,"showVisualEffectGraphs":true,"m_FxEnabled":true},"in2DMode":false,"pivot":{"x":-36.16523361206055,"y":2.0726609230041506,"z":-13.098518371582032},"rotation":{"x":-0.016072755679488183,"y":0.9242002367973328,"z":-0.03912436589598656,"w":-0.3795725107192993},"size":1.3299049139022828,"orthographic":false}