{"cameraMode":{"drawMode":0,"name":"Shaded","section":"Shading Mode"},"sceneLighting":false,"audioPlay":false,"sceneViewState":{"m_AlwaysRefresh":false,"showFog":true,"showSkybox":false,"showFlares":true,"showImageEffects":true,"showParticleSystems":true,"showVisualEffectGraphs":true,"m_FxEnabled":true},"in2DMode":false,"pivot":{"x":-60.74391555786133,"y":3.1242153644561769,"z":-7.961258888244629},"rotation":{"x":0.009985119104385376,"y":-0.9865803718566895,"z":0.07460132241249085,"w":0.1468590945005417},"size":2.5247385501861574,"orthographic":false}