{"cameraMode":{"drawMode":0,"name":"Shaded","section":"Shading Mode"},"sceneLighting":false,"audioPlay":false,"sceneViewState":{"m_AlwaysRefresh":false,"showFog":true,"showSkybox":false,"showFlares":true,"showImageEffects":true,"showParticleSystems":true,"showVisualEffectGraphs":true,"m_FxEnabled":true},"in2DMode":false,"pivot":{"x":-37.127471923828128,"y":1.7225459814071656,"z":-12.911243438720704},"rotation":{"x":0.08639640361070633,"y":0.6361078023910523,"z":-0.06990846246480942,"w":0.764159619808197},"size":2.0096945762634279,"orthographic":false}