{"cameraMode":{"drawMode":0,"name":"Shaded","section":"Shading Mode"},"sceneLighting":false,"audioPlay":false,"sceneViewState":{"m_AlwaysRefresh":false,"showFog":true,"showSkybox":false,"showFlares":true,"showImageEffects":true,"showParticleSystems":true,"showVisualEffectGraphs":true,"m_FxEnabled":true},"in2DMode":false,"pivot":{"x":-34.312416076660159,"y":1.5130984783172608,"z":-44.52049255371094},"rotation":{"x":0.001948499702848494,"y":0.961442768573761,"z":-0.2757471203804016,"w":0.0009907932253554464},"size":1.1408835649490357,"orthographic":false}