{"cameraMode":{"drawMode":0,"name":"Shaded","section":"Shading Mode"},"sceneLighting":false,"audioPlay":false,"sceneViewState":{"m_AlwaysRefresh":false,"showFog":true,"showSkybox":false,"showFlares":true,"showImageEffects":true,"showParticleSystems":true,"showVisualEffectGraphs":true,"m_FxEnabled":true},"in2DMode":false,"pivot":{"x":-35.33816909790039,"y":4.001509666442871,"z":-13.624168395996094},"rotation":{"x":-0.08569421619176865,"y":0.015539880841970444,"z":-0.001333465799689293,"w":-0.9962049722671509},"size":12.124356269836426,"orthographic":false}